----- JANUARY 2026 -----
SUN  MON  TUE  WED  THU  FRI  SAT
                     1    2    3
 4    5    6    7    8    9   10
11    12   13   14   15   16  17
18    19   20   21   22   23  24
25    26   27   28   29   30  31
----- FEBRUARY 2026 -----
SUN  MON  TUE  WED  THU  FRI  SAT
 1    2    3    4    5    6    7
 8    9   10   11   12   13   14
15   16   17   18   19   20   21
22   23   24   25   26   27   28
----- MARCH 2026 -----
SUN  MON  TUE  WED  THU  FRI  SAT
 1    2    3    4    5    6    7   
 8    9   10   11    12   13   14  
15   16   17   18    19   20   21   
22   23   24   25    26   27   28   
29   30   31                    
----- APRIL 2026 -----
SUN  MON  TUE  WED  THU  FRI  SAT
                1    2    3    4
 5    6    7    8    9   10   11
12   13   14   15   16   17   18
19   20   21   22   23   24   25
26   27   28   29   30    
----- MAY 2026 -----
SUN  MON  TUE  WED  THU  FRI  SAT
                          1    2
 3    4    5    6    7    8    9
10    11   12   13   14   15   16
17    18   19   20   21   22   23
24    25   26   27   28   29   30
31    

----- JUNE 2026 -----
SUN  MON  TUE  WED  THU  FRI  SAT
      1    2    3    4    5    6
 7    8    9   10   11   12   13
14   15   16   17   18   19   20
21   22   23   24   25   26   27
28   29   30   ----- JULY 2026 -----
 SUN  MON  TUE  WED  THU  FRI  SAT
                 1    2    3    4    
  5    6    7    8    9   10   11   
 12   13   14   15   16   17   18
 19   20   21   22   23   24   25
 26   27   28   29   30   31   
 ----- AUGUST 2026 -----
SUN  MON  TUE  WED  THU  FRI  SAT
                               1
 2    3    4    5    6    7    8
 9    10   11   12   13   14   15
 16   17   18   19   20   21   22
 23   24   25   26   27   28   29
 30   31   
  ----- SEPTEMBER 2026 -----
SUN  MON  TUE  WED  THU  FRI  SAT
           1    2    3    4    5    
 6    7    8    9   10   11   12   
13   14   15   16   17   18   19
20   21   22   23   24   25   26
27   28   29   30      
----- OCTOBER 2026 -----
SUN  MON  TUE  WED  THU  FRI  SAT
                     1    2    3    
4     5    6    7    8    9   10
11    12   13   14   15   16   17
18    19   20   21   22   23   24
25    26   27   28   29   30   31
----- NOVEMBER 2026 -----
SUN  MON  TUE  WED  THU  FRI  SAT
 1    2    3    4    5    6    7
 8    9   10   11   12   13   14
15   16   17   18   19   20   21
22   23   24   25   26   27   28
29   30   
----- DECEMBER 2026 -----
SUN  MON  TUE  WED  THU  FRI  SAT
           1    2    3    4    5   
 6    7    8    9   10   11   12
13   14   15   16   17   18   19
20   21   22   23   24   25   26
27   28   29   30   31    